<?xml version="1.0" encoding="UTF-8"?>
<?xml-stylesheet href="catalog_18029976.css"?> 
<!-- linking CSS to xml document -->
<!--
	Author: Krishna Budhathoki 
	Id: 18029976
	Group: L2C5
-->
<car_shop xmlns:xsi="http://www.w3.org/2001/XMLSchema-instance" xsi:noNamespaceSchemaLocation="catalog_18029976.xsd"> 
<!-- linking the schema to the xml document -->
	<Shop> 
	<!-- giving shop details -->
		<Logo></Logo>
		<Name>krishna car shop</Name>
		<Shop_details>
			<Address>Balkhu, Kathmandu</Address>
			<Telephone>+977-013297181</Telephone>
			<URL>www.krishnacarshop.com.np</URL>
		</Shop_details>
	</Shop>
    <vehicle reff="vh_01"> 
	<!-- vechile information storing for car shop -->
		<left> 
		<!-- for floating the data in left name and image of vehicle -->
			<Brand_Name brand_id="b_01">Maruti Suzuki Swift</Brand_Name>
			<vechile_img id="vimg_1"></vechile_img>
		</left>
		<right>
		<!-- for floating the data in right for vehicle information -->
			<item_number>S.N: 101</item_number>
			
			<vehicle_info type_id="petrol">
				<manufactuter>Manufacturer: Suzuki</manufactuter>
				<dimension>
					<length>Length: 3840</length>
					<width>Width: 1735</width>
					<height>Height: 1530</height>
				</dimension>
				<features>
					<color>Color: Red</color>
					<engine>Engine: K Series VVT Engine</engine>
					<mileage>Milage: 18 kmpl</mileage>
				</features>
				<extra_features feature_id="f_1">
					<air_bag>Air bag: yes</air_bag>
					<number_of_seats>Number of seats: 5</number_of_seats>
					<space>Space: 316 litres</space>
				</extra_features>
			</vehicle_info>
			<quantity>Quantity: 10</quantity>
			<price>Price: $9299</price>
			<description>
				The Suzuki Swift (Japanese: スズキ・スイフト, Suzuki Suifuto) is a subcompact car produced by Suzuki.
				The Suzuki Swift is classified in B-segment in European single market, segment known as Supermini in British islands.
				Prior to this, the "Swift" nameplate had been applied to the Suzuki Cultus in numerous export markets.
			</description>
		</right>
	</vehicle>
	<vehicle reff="vh_02">
			<left>
				<Brand_Name brand_id="b_02">Chevrolet Sail Hatchback</Brand_Name>
				<vechile_img id="vimg_2"></vechile_img>
			</left>
			<right>
				<item_number>S.N: 102</item_number>
				<vehicle_info type_id="petrol">
					<manufactuter>Manufacturer: Chevrolet</manufactuter>
					<dimension>
						<length>Length: 3946</length>
						<width> Width: 1690</width>
						<height>Height: 1503</height>
					</dimension>
					<features>
						<color>Color: Red</color>
						<engine>Engine: SMARTECH Petrol Engine</engine>
						<mileage>Milage: 18.2 kmpl</mileage>
					</features>
					<extra_features feature_id="f_2">
						<air_bag>Air bag: yes</air_bag>
						<number_of_seats>Number of seats: 5</number_of_seats>
						<space>Space: 248 litres</space>
					</extra_features>
				</vehicle_info>
				<quantity>Quantity: 5</quantity>
				<price>Price: $6921</price>
				<description>
					The Chevrolet Sail Hatchback has 1 Diesel Engine and 1 Petrol Engine on offer. 
					The Diesel engine is 1248 cc while the Petrol engine is 1199 cc. It is available with the transmission. 
					Depending upon the variant and fuel type the Sail Hatchback has a mileage of 18.2 to 22.1 kmpl. 
				</description>
			</right>
	</vehicle>
	<vehicle reff="vh_03">
		<left>
			<Brand_Name brand_id="b_03">hyundai i20</Brand_Name>
			<vechile_img id="vimg_3"></vechile_img>
		</left>
		<right>
			<item_number>S.N: 103</item_number>	
			<vehicle_info type_id="petrol">
				<manufactuter>Manufacturer: hyundai</manufactuter>
				<dimension>
					<length>Length: 3985</length>
					<width> Width: 1734</width>
					<height>Height: 1505</height>
				</dimension>
				<features>
					<color>Color: Blue</color>
					<engine>Engine: 1.2L Kappa Dual VTVT</engine>
					<mileage>Milage: 18.6 kmpl</mileage>
				</features>	
				<extra_features feature_id="f_3">
					<air_bag>Air bag: yes</air_bag>
					<number_of_seats>Number of seats: 5</number_of_seats>
					<space>Space: 285L</space>
				</extra_features>
			</vehicle_info>
				<quantity>Quantity: 5</quantity>
				<price>Price: $8506</price>
				<description>
					The Hyundai i20 is a hatchback produced by Hyundai since 2008. The i20 made
					its debut at the Paris Motor Show in October 2008, and sits between the i10 and i30. 
					It is a front wheel drive car, and is available in three and five door versions.The Hyundai i20 uses a 
					completely new platform that was created at Hyundai's European technical centre in Rüsselsheim to allow Hyundai to move into Europe's highly competitive subcompact B segment.
				</description>
			</right>
		</vehicle>
		<vehicle reff="vh_04">
			<left>
				<Brand_Name brand_id="b_04">Honda Jazz </Brand_Name>
				<vechile_img id="vimg_4"></vechile_img>
			</left>
			<right>
				<item_number>S.N: 104</item_number>
				<vehicle_info type_id="petrol">
					<manufactuter>Manufacturer: Honda</manufactuter>
					
					<dimension>
						<length>Length: 3955</length>
						<width> Width: 1694</width>
						<height>Height: 1544</height>
					</dimension>
					<features>
						<color>Color: Orange</color>
						<engine>Engine: i-VTEC Petrol Engine</engine>
						<mileage>Milage: 27 Kmpl </mileage>
					</features>
					<extra_features feature_id="f_4">
						<air_bag>Air bag: yes</air_bag>
						<number_of_seats>Number of seats: 5</number_of_seats>
						<space>Space: 354L</space>
					</extra_features>
				</vehicle_info>
				<quantity>Quantity: 4</quantity>
				<price>Price: $11,894</price>
				<description>
					The Diesel engine is 1498 cc while the Petrol engine is 1199 cc. It is available with the Manual and Automatic transmission. 
					Depending upon the variant and fuel type the Jazz has a mileage of 18.2 to 27.3 kmpl. 
					The Jazz is a 5 seater Hatchback and has a length of 3955 mm, width of 1694 mm and a wheelbase of 2530 mm.
				</description>
			</right>
		</vehicle>
		<vehicle reff="vh_05">
			<left>
				<Brand_Name brand_id="b_05">Mercedes-Benz C-Class</Brand_Name>
				<vechile_img id="vimg_5"></vechile_img>
			</left>
			<right>
				<item_number>S.N: 105</item_number>
				<vehicle_info type_id="petrol">
					<manufactuter>Manufacturer: Mercedes-Benz</manufactuter>
					<dimension>
						<length>Length: 4686</length>
						<width>Width: 1810</width>
						<height>Height: 1442</height>
					</dimension>
					<features>
						<color>Color: Red Metallic</color>
						<engine>Engine: M271 supercharged Kompressor</engine>
						<mileage>Milage: 11.9 kmpl</mileage>
					</features>
					<extra_features feature_id="f_5">
						<air_bag>Air bag: yes</air_bag>
						<number_of_seats>Number of seats: 5</number_of_seats>
						<space>Space: 374L</space>
					</extra_features>
				</vehicle_info>
				<quantity>Quantity: 3</quantity>
				<price>Price: $40,953</price>
				<description>
					The Mercedes-Benz C-Class is a line of compact executive cars produced by Daimler AG. 
					Introduced in 1993 as a replacement for the 190 (W201) range, the C-Class was the smallest 
					model in the marque's line-up until the W168 A-Class arrived in 1997. The C-Class built at 
					Mercedes-Benz factories in Sindelfingen and Bremen, Germany as well as numerous satellite factories in other countries. 
				</description>
			</right>
		</vehicle>
		<vehicle reff="vh_06">
			<left>
				<Brand_Name brand_id="b_06">Tata Nexon</Brand_Name>
				<vechile_img id="vimg_6"></vechile_img>
			</left>
			<right>
				<item_number>S.N: 106</item_number>
				<vehicle_info type_id="petrol">
					<manufactuter>Manufacturer: Tata</manufactuter>
					<dimension>
						<length>Length: 3993</length>
						<width>Width: 1811</width>
						<height>Height: 1606</height>
					</dimension>
					<features>
						<color>Color: green</color>
						<engine>Engine: Revotron I3-T</engine>
						<mileage>Milage: 21.5 kmpl</mileage>
					</features>
					<extra_features feature_id="f_6">
						<air_bag>Air bag: yes</air_bag>
						<number_of_seats>Number of seats: 5</number_of_seats>
						<space>Space: 350L</space>
					</extra_features>
				</vehicle_info>
				<quantity>Quantity: 8</quantity>
				<price>Price: $9100</price>
				<description>
					The Tata Nexon has 1 Diesel Engine and 1 Petrol Engine on offer. The Diesel engine 
					is 1497 cc while the Petrol engine is 1199 cc. It is available with the Manual and 
					Automatic transmission. Depending upon the variant and fuel type the Nexon has a mileage 
					of 17.0 to 21.5 kmpl. The Nexon is a 5 seater SUV and has a length of 3993mm, width of 1811mm and a wheelbase of 2498mm.
				</description>
			</right>
		</vehicle>
</car_shop>

			